name,position,college,team_status,source_url
Will Howard,QB,Ohio State,Player,https://en.wikipedia.org/wiki/2025_Pittsburgh_Steelers_season
Aaron Rodgers,QB,California,Player,https://en.wikipedia.org/wiki/2025_Pittsburgh_Steelers_season
Mason Rudolph,QB,Oklahoma State,Player,https://en.wikipedia.org/wiki/2025_Pittsburgh_Steelers_season
Kenneth Gainwell,QB,Memphis,Player,https://en.wikipedia.org/wiki/2025_Pittsburgh_Steelers_season
Connor Heyward,FB,Michigan State,Player,https://en.wikipedia.org/wiki/2025_Pittsburgh_Steelers_season
Kaleb Johnson,QB,Iowa,Player,https://en.wikipedia.org/wiki/2025_Pittsburgh_Steelers_season
Jaylen Warren,QB,Oklahoma State,Player,https://en.wikipedia.org/wiki/2025_Pittsburgh_Steelers_season
Calvin Austin,QB,Memphis,Player,https://en.wikipedia.org/wiki/2025_Pittsburgh_Steelers_season
DK Metcalf,QB,Mississippi,Player,https://en.wikipedia.org/wiki/2025_Pittsburgh_Steelers_season
Scotty Miller,QB,Bowling Green,Player,https://en.wikipedia.org/wiki/2025_Pittsburgh_Steelers_season
Ben Skowronek,QB,Notre Dame,Player,https://en.wikipedia.org/wiki/2025_Pittsburgh_Steelers_season
Ke'Shawn Williams,RS,Indiana,Player,https://en.wikipedia.org/wiki/2025_Pittsburgh_Steelers_season
Roman Wilson,QB,Michigan,Player,https://en.wikipedia.org/wiki/2025_Pittsburgh_Steelers_season
Pat Freiermuth,QB,Penn State,Player,https://en.wikipedia.org/wiki/2025_Pittsburgh_Steelers_season
Jonnu Smith,QB,Florida International,Player,https://en.wikipedia.org/wiki/2025_Pittsburgh_Steelers_season
Darnell Washington,QB,Georgia,Player,https://en.wikipedia.org/wiki/2025_Pittsburgh_Steelers_season
Calvin Anderson,LT,Texas,Player,https://en.wikipedia.org/wiki/2025_Pittsburgh_Steelers_season
Spencer Anderson,LG,Maryland,Player,https://en.wikipedia.org/wiki/2025_Pittsburgh_Steelers_season
Troy Fautanu,RT,Washington,Player,https://en.wikipedia.org/wiki/2025_Pittsburgh_Steelers_season
Zach Frazier,C,West Virginia,Player,https://en.wikipedia.org/wiki/2025_Pittsburgh_Steelers_season
Broderick Jones,LT,Georgia,Player,https://en.wikipedia.org/wiki/2025_Pittsburgh_Steelers_season
Ryan McCollum,C,Texas A&M,Player,https://en.wikipedia.org/wiki/2025_Pittsburgh_Steelers_season
Mason McCormick,RG,South Dakota State,Player,https://en.wikipedia.org/wiki/2025_Pittsburgh_Steelers_season
Andrus Peat,RT,Stanford,Player,https://en.wikipedia.org/wiki/2025_Pittsburgh_Steelers_season
Isaac Seumalo,LG,Oregon State,Player,https://en.wikipedia.org/wiki/2025_Pittsburgh_Steelers_season
Keeanu Benton,NT,Wisconsin,Player,https://en.wikipedia.org/wiki/2025_Pittsburgh_Steelers_season
Yahya Black,DE,Iowa,Player,https://en.wikipedia.org/wiki/2025_Pittsburgh_Steelers_season
Derrick Harmon,DE,Oregon,Player,https://en.wikipedia.org/wiki/2025_Pittsburgh_Steelers_season
Cameron Heyward,DT,Ohio State,Player,https://en.wikipedia.org/wiki/2025_Pittsburgh_Steelers_season
Logan Lee,NT,Iowa,Player,https://en.wikipedia.org/wiki/2025_Pittsburgh_Steelers_season
Brodric Martin,DT,,Player,https://en.wikipedia.org/wiki/2025_Pittsburgh_Steelers_season
Esezi Otomewo,DT,Minnesota,Player,https://en.wikipedia.org/wiki/2025_Pittsburgh_Steelers_season
Carson Bruener,ILB,Washington,Player,https://en.wikipedia.org/wiki/2025_Pittsburgh_Steelers_season
Malik Harrison,ILB,Ohio State,Player,https://en.wikipedia.org/wiki/2025_Pittsburgh_Steelers_season
Nick Herbig,OLB,Wisconsin,Player,https://en.wikipedia.org/wiki/2025_Pittsburgh_Steelers_season
Alex Highsmith,OLB,Charlotte,Player,https://en.wikipedia.org/wiki/2025_Pittsburgh_Steelers_season
Cole Holcomb,ILB,North Carolina,Player,https://en.wikipedia.org/wiki/2025_Pittsburgh_Steelers_season
Patrick Queen,ILB,LSU,Player,https://en.wikipedia.org/wiki/2025_Pittsburgh_Steelers_season
Jack Sawyer,OLB,Ohio State,Player,https://en.wikipedia.org/wiki/2025_Pittsburgh_Steelers_season
T. J. Watt,OLB,Wisconsin,Player,https://en.wikipedia.org/wiki/2025_Pittsburgh_Steelers_season
Payton Wilson,ILB,N.C. State,Player,https://en.wikipedia.org/wiki/2025_Pittsburgh_Steelers_season
Sebastian Castro,FS,Iowa,Player,https://en.wikipedia.org/wiki/2025_Pittsburgh_Steelers_season
Chuck Clark,SS,Virginia Tech,Player,https://en.wikipedia.org/wiki/2025_Pittsburgh_Steelers_season
Kyle Dugger,SS,Lenoir Rhyne,Player,https://en.wikipedia.org/wiki/2025_Pittsburgh_Steelers_season
Brandin Echols,CB,Kentucky,Player,https://en.wikipedia.org/wiki/2025_Pittsburgh_Steelers_season
Jabrill Peppers,SS,Michigan,Player,https://en.wikipedia.org/wiki/2025_Pittsburgh_Steelers_season
James Pierre,CB,Florida Atlantic,Player,https://en.wikipedia.org/wiki/2025_Pittsburgh_Steelers_season
Joey Porter,CB,Penn State,Player,https://en.wikipedia.org/wiki/2025_Pittsburgh_Steelers_season
Jalen Ramsey,FS,Florida State,Player,https://en.wikipedia.org/wiki/2025_Pittsburgh_Steelers_season
Darius Slay,CB,Mississippi State,Player,https://en.wikipedia.org/wiki/2025_Pittsburgh_Steelers_season
Chris Boswell,K,Rice,Player,https://en.wikipedia.org/wiki/2025_Pittsburgh_Steelers_season
Christian Kuntz,LS,Duquesne,Player,https://en.wikipedia.org/wiki/2025_Pittsburgh_Steelers_season
Corliss Waitman,P,South Alabama,Player,https://en.wikipedia.org/wiki/2025_Pittsburgh_Steelers_season
Dylan Cook,RT,,Player,https://en.wikipedia.org/wiki/2025_Pittsburgh_Steelers_season
Jack Driscoll,RT,,Player,https://en.wikipedia.org/wiki/2025_Pittsburgh_Steelers_season
Daequan Hardy,CB,,Player,https://en.wikipedia.org/wiki/2025_Pittsburgh_Steelers_season
Max Hurleman,WR,,Player,https://en.wikipedia.org/wiki/2025_Pittsburgh_Steelers_season
D'Shawn Jamison,CB,,Player,https://en.wikipedia.org/wiki/2025_Pittsburgh_Steelers_season
DeMarvin Leal,DT,,Player,https://en.wikipedia.org/wiki/2025_Pittsburgh_Steelers_season
Lew Nichols,RB,,Player,https://en.wikipedia.org/wiki/2025_Pittsburgh_Steelers_season
Daryl Porter,CB,Penn State,Player,https://en.wikipedia.org/wiki/2025_Pittsburgh_Steelers_season
Mark Robinson,ILB,Mississippi,Player,https://en.wikipedia.org/wiki/2025_Pittsburgh_Steelers_season
Asante Samuel,CB,,Player,https://en.wikipedia.org/wiki/2025_Pittsburgh_Steelers_season
Trey Sermon,RB,,Player,https://en.wikipedia.org/wiki/2025_Pittsburgh_Steelers_season
Matt Sokol,TE,,Player,https://en.wikipedia.org/wiki/2025_Pittsburgh_Steelers_season
Marquez Valdes-Scantling,WR,,Player,https://en.wikipedia.org/wiki/2025_Pittsburgh_Steelers_season
Julius Welschof,OLB,,Player,https://en.wikipedia.org/wiki/2025_Pittsburgh_Steelers_season
Daniel Ekuale,NT,,Player,https://en.wikipedia.org/wiki/2025_Pittsburgh_Steelers_season
DeShon Elliott,SS,,Player,https://en.wikipedia.org/wiki/2025_Pittsburgh_Steelers_season
Donte Kent,CB,,Player,https://en.wikipedia.org/wiki/2025_Pittsburgh_Steelers_season
Miles Killebrew,FS,,Player,https://en.wikipedia.org/wiki/2025_Pittsburgh_Steelers_season
Isaiahh Loudermilk,DT,,Player,https://en.wikipedia.org/wiki/2025_Pittsburgh_Steelers_season
Dean Lowry,DT,,Player,https://en.wikipedia.org/wiki/2025_Pittsburgh_Steelers_season
Donald Parham,TE,,Player,https://en.wikipedia.org/wiki/2025_Pittsburgh_Steelers_season
Max Scharping,RG,,Player,https://en.wikipedia.org/wiki/2025_Pittsburgh_Steelers_season
Skylar Thompson,QB,,Player,https://en.wikipedia.org/wiki/2025_Pittsburgh_Steelers_season
Cory Trice,CB,,Player,https://en.wikipedia.org/wiki/2025_Pittsburgh_Steelers_season
